<?xml version="1.0"?>
<!DOCTYPE hibernate-mapping PUBLIC "-//Hibernate/Hibernate Mapping DTD 3.0//EN"
"http://hibernate.sourceforge.net/hibernate-mapping-3.0.dtd">
<hibernate-mapping>
    <class name="model.Property" table="property">
    	<id name="id" type="long">
            <column name="id" />
            <generator class="identity" />
        </id>
        <property name="address" type="java.lang.String">
            <column name="address" />
        </property>
        <property name="price" type="long">
            <column name="price" />
        </property>
        <property name="beds" type="long">
            <column name="beds" />
        </property>
        <property name="type" type="java.lang.String">
            <column name="type" />
        </property>
        <property name="rss" type="java.lang.String">
            <column name="rss" />
        </property>
    </class>
</hibernate-mapping>